TDSFU Daily run: Sun Oct 19 13:35:12 UTC 2025 TDSFU
TDSFU Daily run: Mon Oct 20 04:36:19 UTC 2025 TDSFU
TDSFU Daily run: Tue Oct 21 04:34:00 UTC 2025 TDSFU
TDSFU Daily run: Wed Oct 22 04:35:14 UTC 2025 TDSFU
TDSFU Daily run: Thu Oct 23 04:33:46 UTC 2025 TDSFU
TDSFU Daily run: Fri Oct 24 04:33:06 UTC 2025 TDSFU
TDSFU Daily run: Sat Oct 25 04:32:26 UTC 2025 TDSFU
TDSFU Daily run: Sun Oct 26 04:32:45 UTC 2025 TDSFU
TDSFU Daily run: Mon Oct 27 04:41:00 UTC 2025 TDSFU
TDSFU Daily run: Tue Oct 28 04:34:17 UTC 2025 TDSFU
TDSFU Daily run: Wed Oct 29 04:39:24 UTC 2025 TDSFU
TDSFU Daily run: Thu Oct 30 04:34:06 UTC 2025 TDSFU
TDSFU Daily run: Fri Oct 31 04:36:13 UTC 2025 TDSFU
TDSFU Daily run: Sat Nov  1 04:32:01 UTC 2025 TDSFU
TDSFU Daily run: Sun Nov  2 04:34:34 UTC 2025 TDSFU
TDSFU Daily run: Mon Nov  3 04:40:29 UTC 2025 TDSFU
